{"cameraMode":{"drawMode":0,"name":"Shaded","section":"Shading Mode"},"sceneLighting":false,"audioPlay":false,"sceneViewState":{"showFog":true,"showMaterialUpdate":false,"showSkybox":true,"showFlares":true,"showImageEffects":true,"showParticleSystems":true},"in2DMode":false,"pivot":{"x":-2.4571533203125,"y":-0.5235630869865418,"z":3.8820974826812746},"rotation":{"x":-0.10899048298597336,"y":0.007169994525611401,"z":-0.0007854943978600204,"w":-0.9940215349197388},"size":7.405867576599121,"orthographic":false}