{"cameraMode":{"drawMode":0,"name":"Shaded","section":"Shading Mode"},"sceneLighting":false,"audioPlay":false,"sceneViewState":{"showFog":true,"showMaterialUpdate":false,"showSkybox":true,"showFlares":true,"showImageEffects":true,"showParticleSystems":true},"in2DMode":false,"pivot":{"x":0.1420000195503235,"y":0.3050000071525574,"z":0.3700000047683716},"rotation":{"x":0.03299415111541748,"y":-0.0000036886076486553067,"z":-7.236104124785925e-7,"w":0.9994637966156006},"size":4.400178909301758,"orthographic":false}