{"cameraMode":{"drawMode":0,"name":"Shaded","section":"Shading Mode"},"sceneLighting":true,"audioPlay":false,"sceneViewState":{"showFog":true,"showMaterialUpdate":true,"showSkybox":true,"showFlares":true,"showImageEffects":true,"showParticleSystems":true},"in2DMode":false,"pivot":{"x":-0.028516007587313653,"y":-0.10417034476995468,"z":1.0111339092254639},"rotation":{"x":-0.05128218233585358,"y":0.014078493230044842,"z":-0.0007224375149235129,"w":-0.9985869526863098},"size":2.405967950820923,"orthographic":false}