{"cameraMode":{"drawMode":0,"name":"Shaded","section":"Shading Mode"},"sceneLighting":true,"audioPlay":false,"sceneViewState":{"showFog":true,"showMaterialUpdate":true,"showSkybox":true,"showFlares":true,"showImageEffects":true,"showParticleSystems":true},"in2DMode":false,"pivot":{"x":0.002489827573299408,"y":0.2085127830505371,"z":0.7856506109237671},"rotation":{"x":-0.05128218233585358,"y":0.014078493230044842,"z":-0.0007224375149235129,"w":-0.9985869526863098},"size":1.3727836608886719,"orthographic":false}