{"cameraMode":{"drawMode":0,"name":"Shaded","section":"Shading Mode"},"sceneLighting":false,"audioPlay":false,"sceneViewState":{"showFog":true,"showMaterialUpdate":true,"showSkybox":false,"showFlares":true,"showImageEffects":true,"showParticleSystems":true},"in2DMode":false,"pivot":{"x":-0.5000017285346985,"y":-0.1300210952758789,"z":0.6399909257888794},"rotation":{"x":-0.16776780784130097,"y":0.11857530474662781,"z":-0.020330538973212243,"w":-0.978460431098938},"size":2.3291850090026857,"orthographic":false}