{"cameraMode":{"drawMode":0,"name":"Shaded","section":"Shading Mode"},"sceneLighting":true,"audioPlay":false,"sceneViewState":{"showFog":true,"showMaterialUpdate":true,"showSkybox":true,"showFlares":true,"showImageEffects":true,"showParticleSystems":true},"in2DMode":false,"pivot":{"x":0.22616112232208253,"y":-0.19285809993743897,"z":1.6172738075256348},"rotation":{"x":-0.16776780784130097,"y":0.11857530474662781,"z":-0.020330538973212243,"w":-0.978460431098938},"size":4.596168518066406,"orthographic":false}