{"cameraMode":{"drawMode":0,"name":"Shaded","section":"Shading Mode"},"sceneLighting":true,"audioPlay":false,"sceneViewState":{"showFog":true,"showMaterialUpdate":true,"showSkybox":true,"showFlares":true,"showImageEffects":true,"showParticleSystems":true},"in2DMode":false,"pivot":{"x":-29.64344596862793,"y":-14.473578453063965,"z":40.59245681762695},"rotation":{"x":-0.13343384861946107,"y":0.31660616397857668,"z":-0.04504864290356636,"w":-0.9380639791488648},"size":53.1090087890625,"orthographic":false}