{"cameraMode":{"drawMode":0,"name":"Shaded","section":"Shading Mode"},"sceneLighting":false,"audioPlay":false,"sceneViewState":{"showFog":true,"showMaterialUpdate":true,"showSkybox":false,"showFlares":true,"showImageEffects":true,"showParticleSystems":true},"in2DMode":false,"pivot":{"x":7.534581661224365,"y":8.77680778503418,"z":-13.404300689697266},"rotation":{"x":0.09784874320030213,"y":-0.3270972967147827,"z":0.03408549353480339,"w":0.9393103718757629},"size":12.349870681762696,"orthographic":false}