{"cameraMode":{"drawMode":0,"name":"Shaded","section":"Shading Mode"},"sceneLighting":false,"audioPlay":false,"sceneViewState":{"showFog":true,"showMaterialUpdate":true,"showSkybox":false,"showFlares":true,"showImageEffects":true,"showParticleSystems":true},"in2DMode":false,"pivot":{"x":0.008859008550643921,"y":0.9057361483573914,"z":-0.059049129486083987},"rotation":{"x":-0.03299308568239212,"y":0.00749584473669529,"z":0.0002474527573212981,"w":0.999427318572998},"size":3.6780736446380617,"orthographic":false}