{"cameraMode":{"drawMode":0,"name":"Shaded","section":"Shading Mode"},"sceneLighting":true,"audioPlay":false,"sceneViewState":{"showFog":true,"showMaterialUpdate":true,"showSkybox":true,"showFlares":true,"showImageEffects":true,"showParticleSystems":true},"in2DMode":false,"pivot":{"x":-0.17955122888088227,"y":0.14820213615894319,"z":3.0498218536376955},"rotation":{"x":-0.01649807207286358,"y":0.011998122557997704,"z":0.0001980356319108978,"w":0.9997930526733398},"size":4.732233047485352,"orthographic":false}