{"cameraMode":{"drawMode":0,"name":"Shaded","section":"Shading Mode"},"sceneLighting":false,"audioPlay":false,"sceneViewState":{"showFog":true,"showMaterialUpdate":true,"showSkybox":false,"showFlares":true,"showImageEffects":true,"showParticleSystems":true},"in2DMode":false,"pivot":{"x":0.7294632196426392,"y":11.01987075805664,"z":-20.776060104370118},"rotation":{"x":0.09784874320030213,"y":-0.3270972967147827,"z":0.03408549353480339,"w":0.9393103718757629},"size":20.95693016052246,"orthographic":false}