{"cameraMode":{"drawMode":0,"name":"Shaded","section":"Shading Mode"},"sceneLighting":true,"audioPlay":false,"sceneViewState":{"showFog":true,"showMaterialUpdate":true,"showSkybox":true,"showFlares":true,"showImageEffects":true,"showParticleSystems":true},"in2DMode":false,"pivot":{"x":2.8612546920776369,"y":0.7689825296401978,"z":1.6058799028396607},"rotation":{"x":0.04025862365961075,"y":0.2837870121002197,"z":-0.011926362290978432,"w":0.9579722881317139},"size":5.00124454498291,"orthographic":false}